{"theta": [8.44273009290725, 0.999491648067601, 3.9548620734292563, 3.682091313197315, -3.0055431439616256, -0.41649456451978384], "learning_rate": 0.01, "gamma": 0.99}