{
  "theta": [
    -14805508.197273461,
    163434403.63967392,
    13550511.42548763,
    93965556.40507786,
    -99898341.93118936,
    -198684435.91272354,
    421009081.2138096
  ],
  "learning_rate": 0.01,
  "gamma": 0.99,
  "teacher_lambda": 0.05,
  "lambda_decay": 0.995,
  "lambda_min": 0.05
}