{"theta": [8.784106883910951, 1.517043670590226, 9.94877927159233, 16.295424684194693, 14.174659849959513, 6.132869903484431], "learning_rate": 0.01, "gamma": 0.99}