{"theta": [8.760990727066835, 1.330431359324449, 8.520078990035762, 12.224237116942799, 7.925449185119141, 4.097319528545052], "learning_rate": 0.01, "gamma": 0.99}