{"theta": [8.564221116911147, 1.196176832198001, 7.43744638285701, 9.940544034782077, 4.376374670486082, 3.1128791259222734], "learning_rate": 0.01, "gamma": 0.99}