{
  "theta": [
    -44257527.656207375,
    1211286937.5550132,
    35627662.74840827,
    -915064489.0343347,
    -149304399.04005364,
    -46396994.92197042,
    402997029.276698
  ],
  "learning_rate": 0.1,
  "gamma": 0.95
}