{"theta": [0.03665537021878942, 0.007454350613565792, -0.017568543017479968, -21990145.584265742, -38802816.80791193, -0.01963907170839496], "learning_rate": 0.1, "gamma": 0.95}