{"theta": [-76357960.6608175, 376246516.7962529, 10700851.619030435, 140774180.0581466, -837222258.6494467, -3127753.8933275836], "learning_rate": 0.1, "gamma": 0.95}