{"theta": [-121047367.28925183, 419222730.6723989, 59388061.17039935, 135560851.04632813, -584443333.1048753, 50419413.864819534], "learning_rate": 0.1, "gamma": 0.95}