{"theta": [6.67656968392905, 0.7619527515886354, 6.464234427756313, 3.130873255828599, 4.129417201589356, 1.3841982093829108], "learning_rate": 0.01, "gamma": 0.99}