{"theta": [-117907860.0147599, 438004149.81063205, 48496008.73147205, 123876961.7367283, -623467335.5426388, 75432661.04166535], "learning_rate": 0.1, "gamma": 0.95}